{
    "CD-PDM-S2": "Aluminum Power/Data Module (2 x USB L.V. charge, 2 x Receptacles, 1 x HDMI, 1 RJ-45, 1 x RJ-11, 1 x 9\u2019 Module to module power cable, 1 x 20\u2019 Power cable)",
    "CD-2G": "Agile 2 tones Gray Super Ergonomic Office chair",
    "CD-9542CT-B": "Deluxe 8' Conference table Blanco laminate",
    "CD-4848CTE-B": "4' Extension for Conference table, Blanco laminate IMPORTANT: Due to natural wood grain design and direction, there might be some misalignment between the conference table tops and this insert",
    "CD-P-REC-CONV2-RET-PH-N": "Transactional rectangular overlay with 3 pigeon holes for reception desk return, non handed Noce",
    "CD-P-REC-CONV2-RET-PH-MI": "Transactional rectangular overlay with 3 pigeon holes for reception desk return, non handed Miele",
    "CD-P-REC-CONV2-RET-PH-G": "Transactional rectangular overlay with 3 pigeon holes for reception desk return, non handed Grigio",
    "CD-P-REC-CONV2-RET-PH-E": "Transactional rectangular overlay with 3 pigeon holes for reception desk return, non handed Espresso",
    "CD-P-REC-CONV2-RET-PH-BDG": "Transactional rectangular overlay with 3 pigeon holes for reception desk return, non handed Blanc de Gris",
    "CD-P-REC-CONV2-RET-PH-B": "Transactional rectangular overlay with 3 pigeon holes for reception desk return, non handed Blanco",
    "CD-P-REC-TTSL-N": "Transactional rectangular top for reception desk, support panel for double reception Noce",
    "CD-P-REC-TTSL-MI": "Transactional rectangular top for reception desk, support panel for double reception Miele",
    "CD-P-REC-TTSL-G": "Transactional rectangular top for reception desk, support panel for double reception Grigio",
    "CD-P-REC-TTSL-E": "Transactional rectangular top for reception desk, support panel for double reception Espresso",
    "CD-P-REC-TTSL-BDG": "Transactional rectangular top for reception desk, support panel for double reception Blanc de Gris",
    "CD-P-REC-TTSL-B": "Transactional rectangular top for reception desk, support panel for double reception Blanco",
    "CD-P-REC-CONV1-OVDESK-PH-N": "Square front overlay for reception desk, 2 pigeon holes, built in adjustable LED lights Noce",
    "CD-P-REC-CONV1-OVDESK-PH-MI": "Square front overlay for reception desk, 2 pigeon holes, built in adjustable LED lights Miele",
    "CD-P-REC-CONV1-OVDESK-PH-G": "Square front overlay for reception desk, 2 pigeon holes, built in adjustable LED lights Grigio",
    "CD-P-REC-CONV1-OVDESK-PH-E": "Square front overlay for reception desk, 2 pigeon holes, built in adjustable LED lights Espresso",
    "CD-P-REC-CONV1-OVDESK-PH-BDG": "Square front overlay for reception desk, 2 pigeon holes, built in adjustable LED lights Blanc de Gris",
    "CD-P-REC-CONV1-OVDESK-PH-B": "Square front overlay for reception desk, 2 pigeon holes, built in adjustable LED lights Blanco",
    "CD-UNI-LEG-N": "Laminate universal leg, brackets(5) and hardware, Noce - Can be installed at the end of a surface or can be shared between 2 surfaces",
    "CD-UNI-LEG-MI": "Laminate universal leg, brackets(5) and hardware, Miele - Can be installed at the end of a surface or can be shared between 2 surfaces",
    "CD-UNI-LEG-G": "Laminate universal leg, brackets(5) and hardware, Grigio - Can be installed at the end of a surface or can be shared between 2 surfaces",
    "CD-UNI-LEG-E": "Laminate universal leg, brackets(5) and hardware, Espresso - Can be installed at the end of a surface or can be shared between 2 surfaces",
    "CD-UNI-LEG-BDG": "Laminate universal leg, brackets(5) and hardware, Blanc de Gris - Can be installed at the end of a surface or can be shared between 2 surfaces",
    "CD-UNI-LEG-B": "Laminate universal leg, brackets(5) and hardware, Blanco - Can be installed at the end of a surface or can be shared between 2 surfaces",
    "CD-PLRT-ROUND-TOP36-N (2)": "36\" Round Laminate top for Pranzo tables Noce",
    "CD-PLRT-ROUND-TOP36-MI (2)": "36\" Round Laminate top for Pranzo tables Miele",
    "CD-PLRT-ROUND-TOP36-G (2)": "36\" Round Laminate top for Pranzo tables Grigio",
    "CD-PLRT-ROUND-TOP36-E (2)": "36\" Round Laminate top for Pranzo tables Espresso",
    "CD-PLRT-ROUND-TOP36-BDG (2)": "36\" Round Laminate top for Pranzo tables Blanc de Gris",
    "CD-PLRT-ROUND-TOP36-B (2)": "36\" Round Laminate top for Pranzo tables Blanco",
    "CD-PLRT-ROUND-TOP30-N (2)": "30\" Round Laminate top for Pranzo tables Noce",
    "CD-PLRT-ROUND-TOP30-MI (2)": "30\" Round Laminate top for Pranzo tables Miele",
    "CD-PLRT-ROUND-TOP30-G (2)": "30\" Round Laminate top for Pranzo tables Grigio",
    "CD-PLRT-ROUND-TOP30-E (2)": "30\" Round Laminate top for Pranzo tables Espresso",
    "CD-PLRT-ROUND-TOP30-BDG (2)": "30\" Round Laminate top for Pranzo tables Blanc de Gris",
    "CD-PLRT-ROUND-TOP30-B (2)": "30\" Round Laminate top for Pranzo tables Blanco",
    "CD-P42LRT-B": "Reception 42' angled left return, Blanco laminate",
    "CD-P42RRT-B": "Reception 42' angled right return, Blanco laminate",
    "CD-P7236RD-LT-B": "Bow front laminate floated transactional top Blanco",
    "CD-P7236RD-B": "Inside curved Reception desk shell, Blanco laminate",
    "CD-2406AWM-NEW": "Deluxe aluminum Wire management for Conference table",
    "CD-13848CT-2-B-NEW": "3 legs and hardware for conference table 120\" & 138\" - Blanco Compatible with laminate and glass top",
    "CD-12048CT-2-B-NEW": "3 legs and hardware for conference table 120\" & 138\" - Blanco Compatible with laminate and glass top",
    "CD-EGTCT4848-B": "Rectangular glass top extension 48\"Lx48\"Dx29\"H for 120\" and 138\" conference table. Pure White glass, Blanco",
    "CD-GCT13848-1-B": "Half 69\"L Glass top for 138\"x48\"  rectangular conference table + Modesty, shelves and hardware. Pure White glass. Blanco",
    "CD-GCT12048-1-B": "Half 60\"L Glass top for 120\"x48\" rectangular conference table + Modesty, shelves and hardware. Pure White glass. - Blanco",
    "CD-GCT9542-2-B": "Legs for the 95\"x42\" glass conference table + Hardware for the legs - Blanco",
    "CD-GCT9542-1-B": "Glass top for 95\"x42\" rectangular conference table + Modesty, shelves and hardware. Pure White glass. - Blanco",
    "CD-GCT7832-2-B": "Legs for the 7832 glass conference table + Hardware for the legs - Blanco",
    "CD-GCT7832-1-B": "Glass top for 78x32 rectangular conference table + Modesty, shelves and hardware. Pure White glass. -Blanco",
    "CD-P48RT-T-B": "Table top for 48' round conference table, Blanco laminate",
    "CD-P42RT-T-B": "Table top for 42' round conference table, Blanco laminate",
    "CD-P36RT-T-B": "Table top for 36' round conference table, Blanco laminate",
    "CD-13848CT-1-B": "Deluxe 12' Conference table Blanco laminate (1/2)",
    "CD-12048CT-1-B": "Deluxe 10' Conference table Blanc de Blanco (1/2)",
    "CD-13848CT-2-N-NEW": "3 legs and hardware for conference table 120\" & 138\" - Noce Compatible with laminate and glass top",
    "CD-13848CT-2-MI-NEW": "3 legs and hardware for conference table 120\" & 138\" - Miele Compatible with laminate and glass top",
    "CD-13848CT-2-G-NEW": "3 legs and hardware for conference table 120\" & 138\" - Grigio Compatible with laminate and glass top",
    "CD-13848CT-2-E-NEW": "3 legs and hardware for conference table 120\" & 138\" - Espresso Compatible with laminate and glass top",
    "CD-13848CT-2-BDG-NEW": "3 legs and hardware for conference table 120\" & 138\" - Blanc de Gris Compatible with laminate and glass top",
    "CD-12048CT-2-N-NEW": "3 legs and hardware for conference table 120\" & 138\" - Noce Compatible with laminate and glass top",
    "CD-12048CT-2-MI-NEW": "3 legs and hardware for conference table 120\" & 138\" - Miele Compatible with laminate and glass top",
    "CD-12048CT-2-G-NEW": "3 legs and hardware for conference table 120\" & 138\" - Grigio Compatible with laminate and glass top",
    "CD-12048CT-2-E-NEW": "3 legs and hardware for conference table 120\" & 138\" - Espresso Compatible with laminate and glass top",
    "CD-12048CT-2-BDG-NEW": "3 legs and hardware for conference table 120\" & 138\" - Blanc de Gris Compatible with laminate and glass top",
    "CD-EGTCT4848-E": "Rectangular glass top extension 48\"Lx48\"Dx29\"H for 120\" and 138\" conference table. Pure White glass, Espresso base",
    "CD-EGTCT4848-MI": "Rectangular glass top extension 48\"Lx48\"Dx29\"H for 120\" and 138\" conference table. Pure White glass, Miele base",
    "CD-EGTCT4848-BDG": "Rectangular glass top extension 48\"Lx48\"Dx29\"H for 120\" and 138\" conference table. Pure White glass, Blanc de Gris base",
    "CD-EGTCT4848-N": "Rectangular glass top extension 48\"Lx48\"Dx29\"H for 120\" and 138\" conference table. Pure White glass, Noce base",
    "CD-EGTCT4848-G": "Rectangular glass top extension 48\"Lx48\"Dx29\"H for 120\" and 138\" conference table. Pure White glass, Grigio base",
    "CD-GCT13848-1-E": "Half 69\"L Glass top for 138\"x48\"  rectangular conference table + Modesty, shelves and hardware. Pure White glass. Espresso",
    "CD-GCT13848-1-MI": "Half 69\"L Glass top for 138\"x48\"  rectangular conference table + Modesty, shelves and hardware. Pure White glass. Miele",
    "CD-GCT13848-1-BDG": "Half 69\"L Glass top for 138\"x48\"  rectangular conference table + Modesty, shelves and hardware. Pure White glass. Blanc de Gris",
    "CD-GCT13848-1-N": "Half 69\"L Glass top for 138\"x48\"  rectangular conference table + Modesty, shelves and hardware. Pure White glass. Noce",
    "CD-GCT13848-1-G": "Half 69\"L Glass top for 138\"x48\"  rectangular conference table + Modesty, shelves and hardware. Pure White glass. Grigio",
    "CD-GCT12048-1-E": "Half 60\"L Glass top for 120\"x48\" rectangular conference table + Modesty, shelves and hardware. Pure White glass. - Espresso",
    "CD-GCT12048-1-MI": "Half 60\"L Glass top for 120\"x48\" rectangular conference table + Modesty, shelves and hardware. Pure White glass. - Miele",
    "CD-GCT12048-1-BDG": "Half 60\"L Glass top for 120\"x48\" rectangular conference table + Modesty, shelves and hardware. Pure White glass. - Blanc de Gris",
    "CD-GCT12048-1-N": "Half 60\"L Glass top for 120\"x48\" rectangular conference table + Modesty, shelves and hardware. Pure White glass. - Noce",
    "CD-GCT12048-1-G": "Half 60\"L Glass top for 120\"x48\" rectangular conference table + Modesty, shelves and hardware. Pure White glass. - Grigio",
    "CD-GCT9542-2-E": "Legs for the 95\"x42\" glass conference table + Hardware for the legs - Espresso",
    "CD-GCT9542-2-MI": "Legs for the 95\"x42\" glass conference table + Hardware for the legs - Miele",
    "CD-GCT9542-2-BDG": "Legs for the 95\"x42\" glass conference table + Hardware for the legs - Blanc de Gris",
    "CD-GCT9542-2-N": "Legs for the 95\"x42\" glass conference table + Hardware for the legs - Noce",
    "CD-GCT9542-2-G": "Legs for the 95\"x42\" glass conference table + Hardware for the legs - Grigio",
    "CD-GCT9542-1-E": "Glass top for 95\"x42\" rectangular conference table + Modesty, shelves and hardware. Pure White glass. - Espresso",
    "CD-GCT9542-1-MI": "Glass top for 95\"x42\" rectangular conference table + Modesty, shelves and hardware. Pure White glass. - Miele",
    "CD-GCT9542-1-BDG": "Glass top for 95\"x42\" rectangular conference table + Modesty, shelves and hardware. Pure White glass. - Blanc de Gris",
    "CD-GCT9542-1-N": "Glass top for 95\"x42\" rectangular conference table + Modesty, shelves and hardware. Pure White glass. - Noce",
    "CD-GCT9542-1-G": "Glass top for 95\"x42\" rectangular conference table + Modesty, shelves and hardware. Pure White glass. - Grigio",
    "CD-GCT7832-2-E": "Legs for the 7832 glass conference table + Hardware for the legs - Espresso",
    "CD-GCT7832-2-MI": "Legs for the 7832 glass conference table + Hardware for the legs - Miele",
    "CD-GCT7832-2-BDG": "Legs for the 7832 glass conference table + Hardware for the legs - Blanc de Gris",
    "CD-GCT7832-2-N": "Legs for the 7832 glass conference table + Hardware for the legs - Noce",
    "CD-GCT7832-2-G": "Legs for the 7832 glass conference table + Hardware for the legs - Grigio",
    "CD-GCT7832-1-E": "Glass top for 78x32 rectangular conference table + Modesty, shelves and hardware. Pure White glass. -Espresso",
    "CD-GCT7832-1-MI": "Glass top for 78x32 rectangular conference table + Modesty, shelves and hardware. Pure White glass. -Miele",
    "CD-GCT7832-1-BDG": "Glass top for 78x32 rectangular conference table + Modesty, shelves and hardware. Pure White glass. -Blanc de Gris",
    "CD-GCT7832-1-N": "Glass top for 78x32 rectangular conference table + Modesty, shelves and hardware. Pure White glass. -Noce",
    "CD-GCT7832-1-G": "Glass top for 78x32 rectangular conference table + Modesty, shelves and hardware. Pure White glass. -Grigio",
    "CD-P60CRDE-1-N-NEW_VGD": "Curved Reception desk Extension with glass transactional counter top (pure white) (1/2) Noce (vertical grain direction)",
    "CD-P60CRDE-1-MI-NEW_VGD": "Curved Reception desk Extension with glass transactional counter top (pure white) (1/2) Miele (vertical grain direction)",
    "CD-P60CRDE-1-G-NEW_VGD": "Curved Reception desk Extension with glass transactional counter top (pure white) (1/2) grey (vertical grain direction)",
    "CD-P60CRDE-1-E-NEW_VGD": "Curved Reception desk Extension with glass transactional counter top (pure white) (1/2) (vertical grain direction)",
    "CD-P60CRDE-1-BDG-NEW_VGD": "Curved Reception desk Extension with glass transactional counter top (pure white) (1/2) \nBlanc de Gris (vertical grain direction)",
    "CD-P60CRD-1-N-NEW_VGD": "Curved Reception desk with glass transactional counter top (pure white) (1/2) Noce (vertical grain direction)",
    "CD-P60CRD-1-MI-NEW_VGD": "Curved Reception desk with glass transactional counter top (pure white) (1/2) Miele (vertical grain direction)",
    "CD-P60CRD-1-G-NEW_VGD": "Curved Reception desk with glass transactional counter top (pure white) (1/2) grey (vertical grain direction)",
    "CD-P60CRD-1-E-NEW_VGD": "Curved Reception desk with glass transactional counter top (pure white) (1/2) (vertical grain direction)",
    "CD-P60CRD-1-BDG-NEW_VGD": "Curved Reception desk with glass transactional counter top (pure white) (1/2) \nBlanc de Gris (vertical grain direction)",
    "CD-PRTBASE-B": "Base for round conference table, Blanco laminate",
    "CD-P242470WRD-BDG": "70\" Tall Wardrobe with B/F drawers, cabinet with adjustable shelves, Glass door with hanger and shelf. Built in rechargeable LED lights.",
    "CD-P242470WRD-MI": "70\" Tall Wardrobe with B/F drawers, cabinet with adjustable shelves, Glass door with hanger and shelf. Built in rechargeable LED lights.",
    "CD-P242470WRD-N": "70\" Tall Wardrobe with B/F drawers, cabinet with adjustable shelves, Glass door with hanger and shelf. Built in rechargeable LED lights.",
    "CD-P242470WRD-B": "70\" Tall Wardrobe with B/F drawers, cabinet with adjustable shelves, Glass door with hanger and shelf. Built in rechargeable LED lights.",
    "CD-P242470WRD-G": "70\" Tall Wardrobe with B/F drawers, cabinet with adjustable shelves, Glass door with hanger and shelf. Built in rechargeable LED lights.",
    "CD-P242470WRD-E": "70\" Tall Wardrobe with B/F drawers, cabinet with adjustable shelves, Glass door with hanger and shelf. Built in rechargeable LED lights.",
    "CD-P48RT-T-GT": "48\" Pure White Glass round conference table",
    "CD-P42RT-T-GT": "42\" Pure White Glass round conference table",
    "CD-P36RT-T-GT": "36\" Pure White Glass round conference table",
    "CD-VLF36-2-BLK": "Base for Lateral file - Black finish",
    "CD-VLS36-BLK-N": "Open Storage/bookcase 22\u201dHx36'W-Blanco - Black base",
    "CD-VLS36-BLK-MI": "Open Storage/bookcase 22\u201dHx36'W-Miele - Black base",
    "CD-VLS36-BLK-G": "Open Storage/bookcase 22\u201dHx36'W-Grigio - Black base",
    "CD-VLS36-BLK-E": "Open Storage/bookcase 22\u201dHx36'W-Espresso - Black base",
    "CD-VLS36-BLK-BDG": "Open Storage/bookcase 22\u201dHx36'W-Blanc de Gris - Black base",
    "CD-VLS36-BLK-B": "Open Storage/bookcase 22\u201dHx36'W-Blanco - Black base",
    "CD-VLS36-WH-N": "Open Storage/bookcase 22\u201dHx36'W-Noce - White base",
    "CD-VLS36-WH-MI": "Open Storage/bookcase 22\u201dHx36'W-Miele - White base",
    "CD-VLS36-WH-G": "Open Storage/bookcase 22\u201dHx36'W-Grigio - White base",
    "CD-VLS36-WH-E": "Open Storage/bookcase 22\u201dHx36'W-Espresso - White base",
    "CD-VLS36-WH-BDG": "Open Storage/bookcase 22\u201dHx36'W-Blanc de Gris - White base",
    "CD-VLF36-2-WH": "White base for Veloce Lateral file cabinet",
    "CD-VLS36-WH-B": "Open Storage/bookcase 22\u201dHx36'W-Blanco - White base",
    "CD-PS4-SD": "Interchangeable seat pocket for Mente, sand fabric #SM-800 (SD)",
    "CD-PS3-L-BK": "Interchangeable seat pocket for Zuri, black leather",
    "CD-PS1-L-BK": "Interchangeable seat pocket for Concetto and Moderno, black leather",
    "CD-PS2-L-BK": "Interchangeable seat pocket for Concepto, black leather",
    "CD-PS2-L-WH": "Interchangeable seat pocket for Concepto, white leather",
    "CD-PS2-L-SD": "Interchangeable seat pocket for Concepto, sand leather",
    "CD-PS2-L-GY": "Interchangeable seat pocket for Concepto, grey leather",
    "CD-PS3-L-GY": "Interchangeable seat pocket for Zuri, grey leather",
    "CD-PS3-L-WH": "Interchangeable seat pocket for Zuri, white leather",
    "CD-PS3-L-SD": "Interchangeable seat pocket for Zuri, sand leather",
    "CD-PS1-L-SD": "Interchangeable seat pocket for Concetto and Moderno, sand leather",
    "CD-PS1-L-GY": "Interchangeable seat pocket for Concetto and Moderno, grey leather",
    "CD-PS1-L-WH": "Interchangeable seat pocket for Concetto and Moderno, white leather",
    "CD-26B": "Maglia Super ergonomic task chair",
    "CD-39G": "Perch\u00e9 Ergonomic task chair",
    "CD-HATF-BLK": "Altezza Height adjustable Black frame (includes: frame, hardware, motor, control box, control pad and wire management clips)",
    "CD-HATF-WH": "Altezza Height adjustable White frame (includes: frame, hardware, motor, control box, control pad and wire management clips)",
    "CD-NTTF-WH": "Attivo Training / Nesting table White Frame",
    "CD-856W": "Base Seating   \nWhite Polypropylene frame \nGrey mesh back \nGrey fabric seat \nWhite Fixed PP armrest  \nCan be converted to armless",
    "CD-856B": "Base Seating, Black Polypropylene frame, Black mesh back, Black fabric seat, Black, Fixed PP armrest, Can be converted to armless",
    "CD-VBBFMB-WH-B": "White Veloce Mobile Pedestal Box/Box/File W/Black Cushion\\n",
    "CD-VBBFMB-BLK-B": "Black Veloce Mobile Pedestal Box/Box/File W/Black Cushion\\n",
    "CD-VCT-WH (4)": "Veloce Floor Wire Management (4 per carton)",
    "CD-VCT-BLK (4)": "Veloce Floor Wire Management (4 per carton)",
    "CD-VBR60-72-WH (10)": "Veloce Return Support Beam 60'L-72'L (10 per carton)",
    "CD-VBR60-72-BLK (10)": "Veloce Return Support Beam 60'L-72'L (10 per carton)",
    "CD-VBR36-48-WH (10)": "Veloce Return Support Beam 36'L-48'L (10 per carton)",
    "CD-VBR36-48-BLK (10)": "Veloce Return Support Beam 36'L-48'L (10 per carton)",
    "CD-VS36-WH (10)": "Veloce Short C Leg 36'D (10 per carton)",
    "CD-VS36-BLK (10)": "Veloce Short C Leg 36'D (10 per carton)",
    "CD-VS30-WH (10)": "Veloce Short C Leg 30'D (10 per carton)",
    "CD-VS30-BLK (10)": "Veloce Short C Leg 30'D (10 per carton)",
    "CD-VS24-WH (10)": "Veloce Short C Leg 24'D (10 per carton)",
    "CD-VS24-BLK (10)": "Veloce Short C Leg 24'D (10 per carton)",
    "CD-V60-WH (2)": "Veloce O Leg 69'D/For 30'D Surfaces (2 per carton)",
    "CD-V60-BLK (2)": "Veloce O Leg 69'D/For 30'D Surfaces (2 per carton)",
    "CD-V48-WH (2)": "Veloce O Leg 57'D/For 48'D Surfaces (2 per carton)",
    "CD-V48-BLK (2)": "Veloce O Leg 57'D/For 48'D Surfaces (2 per carton)",
    "CD-V36-WH (2)": "Veloce O Leg 36'D (2 per carton)",
    "CD-V36-BLK (2)": "Veloce O Leg 36'D (2 per carton)",
    "CD-V30-WH (2)": "Veloce O Leg 30'D (2 per carton)",
    "CD-V30-BLK (2)": "Veloce O Leg 30'D (2 per carton)",
    "CD-V24-WH (2)": "Veloce O Leg 24'D (2 per carton)",
    "CD-V24-BLK (2)": "Veloce O Leg 24'D (2 per carton)",
    "CD-VB48-72-WH (10)": "Veloce Main Support Beam 48'L-72'L (10 per carton) White",
    "CD-VB48-72-BLK (10)": "Veloce Main Support Beam 48'L-72'L (10 per carton) Black",
    "CD-2103MS-NA": "Alto Mid back executive sand bonded leather chair, chrome base without arms",
    "CD-2103MB-NA": "Alto Mid back executive black bonded leather chair, chrome base without arms",
    "CD-2103HS-NA": "Alto High back executive sand bonded leather chair, chrome base without arms",
    "CD-2103HB-NA": "Alto High back executive black bonded leather chair, chrome base without arms",
    "CD-VE66-2PS-2-STK": "Electrical kit - 66\" Wide tops **stock** \n- BE41917-3-A-2-BB-STK - Duplex Circuit-2 (4) \n- BE41920-3-39-STK - Female/Female Jumper, 39\" (2) \n- BE41920-3-18-STK - Female/Female Jumper, 18\" (2) \n- BE41955-STK - Spring Clip Mounting Bracket w/Screws (4)",
    "CD-VE66-1PS-2-STK": "Electrical kit - 66\" Wide tops **stock** \n- BE41917-3-A-2-8B-STK - Duplex Circuit-2   (2) \n- BE41920-3-39-STK - Female/Female Jumper, 39\"  (1) \n- BE41920-3-18-STK - Female/Female Jumper, 18\" (1) \n- BE41955-STK - Spring Clip Mounting Bracket w/Screws (2)",
    "CD-VE60-2PS-2-STK": "Electrical kit - 60\" Wide tops **stock** \n- BE41917-3-A-2-BB-STK - Duplex Circuit-2 (4) \n- BE41920-3-33-STK - Female/Female Jumper, 33\"  (2) \n- BE41920-3-18-STK - Female/Female Jumper, 18\" (2) \n- BE41955-STK - Spring Clip Mounting Bracket w/Screws (4)",
    "CD-VE60-1PS-2-STK": "Electrical kit - 60\" Wide tops **stock** \n- BE41917-3-A-2-8B-STK - Duplex Circuit-2 (2) \n- BE41920-3-33-STK - Female/Female Jumper, 33\" (1) \n- BE41920-3-18-STK - Female/Female Jumper, 18\" (1) \n- BE41955-STK - Spring Clip Mounting Bracket w/Screws (2)",
    "CD-VE48-2PS-2-STK": "Electrical kit - 48\" Wide tops **stock** \n- BE41917-3-A-(2)-BB-STK - Duplex Circuit-2  (4) \n- BE41920-3-21-STK - Female/Female Jumper, 21\" (4) \n- BE41955-STK - Spring Clip Mounting Bracket w/Screws (4)",
    "CD-VE48-1PS-2-STK": "Electrical kit - 48\" Wide tops **stock** \n- BE41917-3-A-(2)-8B-STK - Duplex Circuit-2  (2)  \n- BE41920-3-21-STK - Female/Female Jumper, 21\" (2) \n- BE41955-STK - Spring Clip Mounting Bracket w/Screws (2)",
    "CD-RST-B (4)": "Retractable Black tablet (4 per carton)",
    "CD-15B(4)": "Stabile Guest chair, 4 legs, black powder coated frame, comes with glides and casters so that the end user may decide of the application, fixed black polypropylene arms, molded foam seat in black fabric, black nylon frame with black mesh, stackable 4 high",
    "CD-SK-1802-B-S": "Stool kit for Barre, including cylinder, seat plate, aluminum foot rest, aluminum base, casters - Powder coated in Tungsten",
    "CD-B1802-G (5)": "Grey ribbed polypropylene shell for Barre, two tones grey, darker back (5 per carton)",
    "CD-B1802-W (5)": "White ribbed polypropylene shell for Barre (5 per carton)",
    "CD-BH-B1802-B-S (5)": "Ganging bar height chair frame, Silver powder coated solid wire metal frame, ganging clips, black under seat cover and hardware (5 per carton)",
    "CD-DH-B1802-B-S (5)": "Stackable and ganging chair frame, Silver powder coated solid wire metal frame, ganging clips, black under seat plastic cover and hardware",
    "CD-B1802-B (5)": "Black ribbed polypropylene shell for Barre (5 per carton)",
    "CD-KCSAMPLE": "Small Laminate and Veloce Samples on Chain",
    "BE41917-3-A-2-8B": "Duplex Circuit-2",
    "CD-P72HGD-WF-PW-NEW": "Glass doors for 72' open hutch (pure white)",
    "CD-P66HGD-WF-PW-NEW": "Glass doors for 66' open hutch (pure white)",
    "CD-P3422SGD-PW-NEW": "Set of Glass doors for 2 door storage cabinet w/o top (pure white)",
    "CD-NTTF-BLK": "Attivo Training / Nesting table Black Frame",
    "CD-VLF36-2-E-NEW": "Lateral file with box cabinet at the top 22\u201dH x 36'W-Espresso",
    "CD-VLF36-1-E-NEW": "Lateral file with box cabinet at the top 22\u201dH x 36'W-Espresso",
    "CD-VLS36-E": "Open Storage/bookcase 22\u201dHx36'W- Espresso",
    "CD-HATF-G": "Altezza Height adjustable Grey frame (includes: frame, hardware, motor, control box, control pad and wire management clips)",
    "CD-VLM40-E (4)": "Laminate modesty panel and hardware 40'-Espresso",
    "CD-VLM48-E (4)": "Laminate modesty panel and hardware 48'- Espresso",
    "CD-VLM58-E (4)": "Laminate modesty panel and hardware 58'- Espresso",
    "CD-VLM58-BDG (4)": "Laminate modesty panel and hardware 58'-Blanc de Gris",
    "CD-VLM48-BDG (4)": "Laminate modesty panel and hardware 48'-Blanc de Gris",
    "CD-VLM40-BDG (4)": "Laminate modesty panel and hardware 40'-Blanc de Gris",
    "CD-VLF36-1-N-NEW": "Lateral file with box cabinet at the top 22\u201dH x 36'W-Noce",
    "CD-VLF36-1-MI-NEW": "Lateral file with box cabinet at the top 22\u201dH x 36'W-Miele",
    "CD-VLF36-2-B-NEW": "Lateral file with box cabinet at the top 22\u201dH x 36'W-Blanco",
    "CD-VLF36-1-B-NEW": "Lateral file with box cabinet at the top 22\u201dH x 36'W-Blanco",
    "CD-VLF36-1-G-NEW": "Lateral file with box cabinet at the top 22\u201dH x 36'W-Grigio",
    "CD-VLF36-1-BDG-NEW": "Lateral file with box cabinet at the top 22\u201dH x 36'W-Blanc de Gris",
    "CD-VLS36-BDG": "Open Storage/bookcase 22\u201dHx36'W-Blanc de Gris",
    "CD-VDC-VAD-CC-S": "2 x Undermount divider clips for between surfaces",
    "CD-VDC-VAD-SC-S": "2 x Undermount divider clips for end of run",
    "CD-P7832RCT-BDG": "Deluxe Rectangular Conference table 78\" x 32\" Blanc de Gris laminate",
    "CD-P7832RCT-N": "Deluxe Rectangular Conference table 78\" x 32\" Noce laminate",
    "CD-P7832RCT-MI": "Deluxe Rectangular Conference table 78\" x 32\" Miele laminate",
    "CD-P7832RCT-G": "Deluxe Rectangular Conference table 78\" x 32\" Grigio laminate",
    "CD-P7832RCT-E": "Deluxe Rectangular Conference table 78\" x 32\" espresso laminate",
    "CD-P3636CU-BDG": "Corner unit 36\" x 36\" Blanc de Gris laminate (Connection) Compatible with Potenza returns/bridges",
    "CD-P3636CU-N": "Corner unit 36\" x 36\" Noce laminate (Connection) Compatible with Potenza returns/bridges",
    "CD-P3636CU-MI": "Corner unit 36\" x 36\" Miele laminate (Connection) Compatible with Potenza returns/bridges",
    "CD-P3636CU-G": "Corner unit 36\" x 36\" Grigio laminate (Connection) Compatible with Potenza returns/bridges",
    "CD-P3636CU-E": "Corner unit 36\" x 36\" espresso laminate (Connection) Compatible with Potenza returns/bridges",
    "CD-P7230RDS-BDG": "72' x 30' Rectangular desk shell, Blanc de Gris laminate",
    "CD-P7230RDS-N": "72' x 30' Rectangular desk shell, Noce laminate",
    "CD-P7230RDS-MI": "72' x 30' Rectangular desk shell, Miele laminate",
    "CD-P7230RDS-G": "72' x 30' Rectangular desk shell, Grigio laminate",
    "CD-P7230RDS-E": "72' x 30' Rectangular desk shell, espresso laminate",
    "CD-VSC-MB-B": "Black cushion for Veloce Mobile pedestals",
    "CD-VAD30 (10)": "Acrylic dividers 30\" **Mounting brackets sold separately unless ordering the wire management CD-VWMxx-A**",
    "CD-VAD24 (10)": "Acrylic dividers 24\" **Mounting brackets sold separately unless ordering the wire management CD-VWMxx-A**",
    "CD-RS3672-E (2)": "36' x 72' Universal rectangular worksurface  - espresso (work with Veloce benching system, Altezza height adjustable and Attivo training table) (2 per carton)",
    "CD-RS3060-E (2)": "30' x 60' Universal rectangular worksurface - espresso (work with Veloce benching system, Altezza height adjustable and Attivo training table) (2 per carton)",
    "CD-RS2472-E (2)": "24' x 72' Universal rectangular worksurface - espresso (work with Veloce benching system, Altezza height adjustable and Attivo training table) (2 per carton)",
    "CD-RS2466-E (2)": "24' x 66' Universal rectangular worksurface - espresso (work with Veloce benching system, Altezza height adjustable and Attivo training table) (2 per carton)",
    "CD-RS3672-BDG (2)": "36' x 72' Universal rectangular worksurface  - Blanc de Gris (work with Veloce benching system, Altezza height adjustable and Attivo training table) (2 per carton)",
    "CD-RS3072-BDG (2)": "30' x 72' Universal rectangular worksurface - Blanc de Gris (work with Veloce benching system, Altezza height adjustable and Attivo training table) (2 per carton)",
    "CD-RS3066-BDG (2)": "30' x 66' Universal rectangular worksurface - Blanc de Gris (work with Veloce benching system, Altezza height adjustable and Attivo training table) (2 per carton)",
    "CD-RS3060-BDG (2)": "30' x 60' Universal rectangular worksurface - Blanc de Gris (work with Veloce benching system, Altezza height adjustable and Attivo training table) (2 per carton)",
    "CD-RS2472-BDG (2)": "24' x 72' Universal rectangular worksurface - Blanc de Gris (work with Veloce benching system, Altezza height adjustable and Attivo training table) (2 per carton)",
    "CD-RS2466-BDG (2)": "24' x 66' Universal rectangular worksurface - Blanc de Gris (work with Veloce benching system, Altezza height adjustable and Attivo training table) (2 per carton)",
    "CD-RS2460-BDG (2)": "24' x 60' Universal rectangular worksurface - Blanc de Gris (work with Veloce benching system, Altezza height adjustable and Attivo training table) (2 per carton)",
    "CD-RS2448-BDG (2)": "24' x 48' Universal rectangular worksurface - Blanc de Gris (work with Veloce benching system, Altezza height adjustable and Attivo training table) (2 per carton)",
    "CD-RS2442-BDG (2)": "24' x 42' Universal rectangular worksurface - Blanc de Gris (work with Veloce benching system, Altezza height adjustable and Attivo training table) (2 per carton)",
    "CD-LRTST36-BDG (2)": "Lunch room square table top - 36\" Blanc de Gris laminate",
    "CD-LRTST30-BDG (2)": "Lunch room square table top - 30\" Blanc de Gris laminate",
    "CD-OSDRAW-BDG": "One Suite Drawer(1) & Hardware for Return/Credenza - Blanc de Gris",
    "CD-OSDOO-BDG": "One Suite Doors(2) & Hardware for Return/Credenza - Blanc de Gris",
    "CD-OSRCT-BDG": "One Suite Return/Credenza top with Blanco under mount support - Blanc de Gris",
    "CD-OS3778T-BDG": "One Suite Freestanding Desk Top, frame support & hardware + Reversible Blanco Laminate Modesty panel and mounting brackets(2) - Blanc de Gris",
    "CD-PRTBASE-BDG": "Base for round conference table, Blanc de Gris laminate",
    "CD-P72OWMH-BDG-PW": "Deluxe 72'' Open wall mounted hutch,  Blanc de Gris laminate (pure white glass)",
    "CD-P72HLD-BDG": "Laminate doors for 72' open hutch Blanc de Gris",
    "CD-P7236RD-LT-BDG": "Bow front laminate floated transactional top Blanc de Gris",
    "CD-P7236RD-BDG": "Inside curved Reception desk shell, Blanc de Gris laminate",
    "CD-P7236BED-1-BDG-PW": "Bullet end desk with white modesty panel (1/2) Blanc de Gris",
    "CD-P7236-LM-BDG-MP": "Curved laminate modesty panel, Blanc de Gris",
    "CD-P66OH-2-BDG-PW": "Deluxe 66' open hutch (2/2)  (pure white glass)",
    "CD-P66OH-1-BDG-PW": "Deluxe 66' open hutch (1/2)  (pure white glass) Blanc de Gris, black tackboard SM-2327(B) included",
    "CD-P66HLD-BDG": "Laminate doors for 66' open hutch Blanc de Gris",
    "CD-P6630-LM-BDG-MP": "Curved laminate modesty panel Blanc de Gris",
    "CD-P6630-BDG": "Rectangular desk shell, Blanc de Gris laminate",
    "CD-P6624C-BDG": "66' Credenza shell, Blanc de Gris laminate",
    "CD-P60CRDE-2-BDG-NG": "Curved Reception desk Extension with glass transactional counter top (pure white) (2/2) \nBlanc de Gris",
    "CD-P60CRDE-1-BDG": "Curved Reception desk Extension with glass transactional counter top (pure white) (1/2) \nBlanc de Gris",
    "CD-P60CRD-2-BDG-NG": "Curved Reception desk with glass transactional counter top (pure white) (2/2) \nBlanc de Gris",
    "CD-P60CRD-1-BDG": "Curved Reception desk with glass transactional counter top (pure white) (1/2) \nBlanc de Gris",
    "CD-P6030-RDS-BDG": "60' x 30' Rectangular desk shell, Blanc de Gris laminate",
    "CD-P48RT-T-BDG": "Table top for 48' round conference table, Blanc de Gris laminate",
    "CD-P48CB-BDG": "48' curved bridge, Blanc de Gris laminate",
    "CD-P48ARR-BDG": "48' angled right return, Blanc de Gris laminate",
    "CD-P48ALR-BDG": "48' angled left return, Blanc de Gris laminate",
    "CD-P4824-RDS-BDG": "48' x 24' Rectangular desk shell, Blanc de Gris laminate",
    "CD-P42RT-T-BDG": "Table top for 42' round conference table, Blanc de Gris laminate",
    "CD-P42RRT-BDG": "Reception 42' angled right return, Blanc de Gris laminate",
    "CD-P42LRT-BDG": "Reception 42' angled left return, Blanc de Gris laminate",
    "CD-P42ARR-BDG": "42' angled right return, Blanc de Gris laminate",
    "CD-P42ALR-BDG": "42' angled left return, Blanc de Gris laminate",
    "CD-P422016CT-LT-BDG": "Laminate top for Deluxe Coffee table Blanc de Gris laminate",
    "CD-P422016CT-B-BDG": "Base for Deluxe Coffee table Blanc de Gris laminate",
    "CD-P36RT-T-BDG": "Table top for 36' round conference table, Blanc de Gris laminate",
    "CD-P361471BC-2-BDG-PW": "Glass top (2/2) (pure white)",
    "CD-P361471BC-1-BDG-PW": "Bookcase (1/2)",
    "CD-P3422S-B-BDG": "2 door storage cabinet w/o top, Blanc de Gris laminate 34'W (body)",
    "CD-P3422L-1-BDG": "2 drawer lateral file cabinet w/o top, Blanc de Gris laminate 34'W",
    "CD-P3422T-BDG-PW": "Glass floated top for 2 drawer lateral file & 2 door storage (pure white) Blanc de Gris",
    "CD-P3422-LT-BDG": "Laminate top for 2 drawer lateral file or 2 door storage Blanc de Gris laminate",
    "CD-P3422-LD-1-BDG": "Set of Laminate doors for 2 door storage Blanc de Gris laminate",
    "CD-P341441BC-BDG-PW": "34' W Low bookcase with glass floated top Blanc de Gris laminate (pure white)",
    "CD-P242020ET-LT-BDG": "Laminate top for Deluxe End table Blanc de Gris laminate",
    "CD-P242020ET-B-BDG": "Base for Deluxe End table Blanc de Gris laminate",
    "CD-P22BF-BDG": "Deluxe hanging box/file pedestal Blanc de Gris laminate",
    "CD-P20MBF-BDG": "Deluxe mobile box/file pedestal Blanc de Gris laminate, black fabric SM-2327 (B) included",
    "CD-M7875-LT-BDG": "Laminate top for Potenza executive desk - Blanc de Gris",
    "CD-M7275-3-BDG": "Potenza Freestanding Executive Lateral file cabinet - Blanc de Gris",
    "CD-M7275-2-BDG": "Potenza Freestanding Executive Return - Blanc de Gris",
    "CD-M7275-1-BDG": "Potenza Freestanding Executive desk(Modesty panel, legs(2), metal support frame) - Blanc de Gris",
    "CD-4848CTE-BDG": "4' Extension for Conference table, Blanc de Gris laminate IMPORTANT: Due to natural wood grain design and direction, there might be some misalignment between the conference table tops and this insert",
    "CD-13848CT-2-BDG": "3 legs and hardware for conference table 120\" & 138\" Blanc de Gris Compatible with laminate top",
    "CD-13848CT-1-BDG": "Deluxe 12' Conference table Blanc de Gris laminate (1/2)",
    "CD-12048CT-2-BDG": "3 legs and hardware for conference table 120\" & 138\" - Blanc de Gris Compatible with laminate top",
    "CD-12048CT-1-BDG": "Deluxe 10' Conference table Blanc de Gris laminate (1/2)",
    "CD-9542CT-BDG": "Deluxe 8' Conference table Blanc de Gris laminate",
    "CD-RS2442-E (2)": "24' x 42' Universal rectangular worksurface - Espresso (work with Veloce benching system, Altezza height adjustable and Attivo training table) (2 per carton)",
    "CD-RS3072-E (2)": "30' x 72' Universal rectangular worksurface - espresso (work with Veloce benching system, Altezza height adjustable and Attivo training table) (2 per carton)",
    "CD-RS3066-E (2)": "30' x 66' Universal rectangular worksurface - espresso (work with Veloce benching system, Altezza height adjustable and Attivo training table) (2 per carton)",
    "CD-RS2460-E (2)": "24' x 60' Universal rectangular worksurface - espresso (work with Veloce benching system, Altezza height adjustable and Attivo training table) (2 per carton)",
    "CD-RS2448-E (2)": "24' x 48' Universal rectangular worksurface - Espresso (work with Veloce benching system, Altezza height adjustable and Attivo training table) (2 per carton)",
    "CD-P22FF-BDG": "Deluxe file/file pedestal Blanc de Gris laminate",
    "CD-P22BBF-BDG": "Deluxe box/box/file pedestal Blanc de Gris laminate",
    "CD-P72OH-2-BDG": "Deluxe 72' open hutch (2/2)  (pure white glass)",
    "CD-P72OH-1-BDG": "Deluxe 72' open hutch (1/2)  (pure white glass) Blanc de Gris, black tackboard SM-2327(B) included",
    "CD-P7224C-BDG": "72' Credenza shell, Blanc de Gris laminate",
    "CD-P42CB-BDG": "42' curved bridge, Blanc de Gris laminate",
    "CD-P7236-BDG": "Bow front desk shell, Blanc de Gris laminate",
    "CD-OSDRAW-B": "One Suite Drawer(1) & Hardware for Return/Credenza - Blanco",
    "CD-OSDRAW-N": "One Suite Drawer(1) & Hardware for Return/Credenza - Noce",
    "CD-OSDRAW-MI": "One Suite Drawer(1) & Hardware for Return/Credenza - Miele",
    "CD-OSDRAW-E": "One Suite Drawer(1) & Hardware for Return/Credenza - Espresso",
    "CD-OSDRAW-G": "One Suite Drawer(1) & Hardware for Return/Credenza - Grigio",
    "CD-OSDOO-B": "One Suite Doors(2) & Hardware for Return/Credenza - Blanco",
    "CD-OSDOO-N": "One Suite Doors(2) & Hardware for Return/Credenza - Noce",
    "CD-OSDOO-MI": "One Suite Doors(2) & Hardware for Return/Credenza - Miele",
    "CD-OSDOO-E": "One Suite Doors(2) & Hardware for Return/Credenza - Espresso",
    "CD-OSDOO-G": "One Suite Doors(2) & Hardware for Return/Credenza - Grigio",
    "CD-OSSU-B": "Return/Credenza Blanco open storage unit for One Suite - Blanco",
    "CD-OSRCT-B": "One Suite Return/Credenza TOP only with Blanco under mount support - Blanco",
    "CD-OSRCT-N": "One Suite Return/Credenza TOP only with Blanco under mount support - Noce",
    "CD-OSRCT-MI": "One Suite Return/Credenza TOP only with Blanco under mount support - Miele",
    "CD-OSRCT-G": "One Suite Return/Credenza TOP only with Blanco under mount support - Grigio",
    "CD-OSRCT-E": "One Suite Return/Credenza TOP only with Blanco under mount support - Espresso",
    "CD-OS2L-PAD": "One Suite Polished aluminum legs & Hardware (2).  \n4 Legs are needed to setup a freestanding desk",
    "CD-OS3778T-B": "One Suite Freestanding Desk Top, frame support & hardware + Reversible Blanco Laminate Modesty panel and mounting brackets(2) - Blanco",
    "CD-OS3778T-N": "One Suite Freestanding Desk Top, frame support & hardware + Reversible Blanco Laminate Modesty panel and mounting brackets(2) - Noce",
    "CD-OS3778T-MI": "One Suite Freestanding Desk Top, frame support & hardware + Reversible Blanco Laminate Modesty panel and mounting brackets(2) - Miele",
    "CD-OS3778T-E": "One Suite Freestanding Desk Top, frame support & hardware + Reversible Blanco Laminate Modesty panel and mounting brackets(2) - Espresso",
    "CD-OS3778T-G": "One Suite Freestanding Desk Top, frame support & hardware + Reversible Blanco Laminate Modesty panel and mounting brackets(2) - Grigio",
    "CD-PLK-S-420": "Silver Core lock and pull key (2 keys included) lock #420",
    "CD-PLK-S-419": "Silver Core lock and pull key (2 keys included) lock #419",
    "CD-PLK-S-418": "Silver Core lock and pull key (2 keys included) lock #418",
    "CD-PLK-S-417": "Silver Core lock and pull key (2 keys included) lock #417",
    "CD-PLK-S-416": "Silver Core lock and pull key (2 keys included) lock #416",
    "CD-PLK-S-415": "Silver Core lock and pull key (2 keys included) lock #415",
    "CD-PLK-S-414": "Silver Core lock and pull key (2 keys included) lock #414",
    "CD-PLK-S-413": "Silver Core lock and pull key (2 keys included) lock #413",
    "CD-PLK-S-412": "Silver Core lock and pull key (2 keys included) lock #412",
    "CD-PLK-S-411": "Silver Core lock and pull key (2 keys included) lock #411",
    "CD-PLK-S-410": "Silver Core lock and pull key (2 keys included) lock #410",
    "CD-PLK-S-409": "Silver Core lock and pull key (2 keys included) lock #409",
    "CD-PLK-S-408": "Silver Core lock and pull key (2 keys included) lock #408",
    "CD-PLK-S-407": "Silver Core lock and pull key (2 keys included) lock #407",
    "CD-PLK-S-406": "Silver Core lock and pull key (2 keys included) lock #406",
    "CD-PLK-S-405": "Silver Core lock and pull key (2 keys included) lock #405",
    "CD-PLK-S-404": "Silver Core lock and pull key (2 keys included) lock #404",
    "CD-PLK-S-403": "Silver Core lock and pull key (2 keys included) lock #403",
    "CD-PLK-S-402": "Silver Core lock and pull key (2 keys included) lock #402",
    "CD-PLK-S-401": "Silver Core lock and pull key (2 keys included) lock #401",
    "CD-DC-VAD2-S (1)": "Mountain bracket for VAD acrylic divider (set of 2)",
    "BE41917-3-A-2-BB-STK": "Duplex Circuit-2",
    "CD-PLK-420": "Black Core lock and pull key (2 keys included) lock #420",
    "CD-PLK-418": "Black Core lock and pull key (2 keys included) lock #418",
    "CD-PLK-417": "Black Core lock and pull key (2 keys included) lock #417",
    "CD-PLK-416": "Black Core lock and pull key (2 keys included) lock #416",
    "CD-PLK-415": "Black Core lock and pull key (2 keys included) lock #415",
    "CD-PLK-413": "Black Core lock and pull key (2 keys included) lock #413",
    "CD-PLK-412": "Black Core lock and pull key (2 keys included) lock #412",
    "CD-PLK-410": "Black Core lock and pull key (2 keys included) lock #410",
    "CD-PLK-409": "Black Core lock and pull key (2 keys included) lock #409",
    "CD-PLK-408": "Black Core lock and pull key (2 keys included) lock #408",
    "CD-PLK-407": "Black Core lock and pull key (2 keys included) lock #407",
    "CD-PLK-402": "Black Core lock and pull key (2 keys included) lock #402",
    "CD-PLK-401": "Black Core lock and pull key (2 keys included) lock #401",
    "CD-PLK-414": "Black Core lock and pull key (2 keys included) lock #414",
    "CD-PLK-411": "Black Core lock and pull key (2 keys included) lock #411",
    "CD-PLK-403": "Black Core lock and pull key (2 keys included) lock #403",
    "CD-LTP42-BS": "Square post - bar height 42\"",
    "CD-LTP30-BS": "Square post - standard height 30\"",
    "CD-LTB-BS": "Top / Bottom base for lunch room table",
    "CD-LRTST36-MI (2)": "Lunch room square table top - 36\" Miele laminate",
    "CD-LRTST30-MI (2)": "Lunch room square table top - 30\" Miele laminate",
    "CD-LRTST36-B (2)": "Lunch room square table top - 36\" Blanco laminate",
    "CD-LRTST36-N (2)": "Lunch room square table top - 36\" Noce laminate",
    "CD-LRTST36-G (2)": "Lunch room square table top - 36\" Grigio laminate",
    "CD-LRTST36-E (2)": "Lunch room square table top - 36\" espresso laminate",
    "CD-LRTST30-B (2)": "Lunch room square table top - 30\" Blanco laminate",
    "CD-LRTST30-N (2)": "Lunch room square table top - 30\" Noce laminate",
    "CD-LRTST30-G (2)": "Lunch room square table top - 30\" Grigio laminate",
    "CD-LRTST30-E (2)": "Lunch room square table top - 30\" espresso laminate",
    "CD-PMK": "Potenza Master Key",
    "CD-PLK-406": "Black Core lock and pull key (2 keys included) lock #406",
    "CD-841B-T (4)": "Spazio Visitor black mesh chair tungsten frame black leather seat",
    "CD-M7275-3-N": "Potenza Freestanding Executive Lateral file cabinet - Noce",
    "CD-M7275-2-N": "Potenza Freestanding Executive Return - Noce",
    "CD-M7275-1-N": "Potenza Freestanding Executive desk (Modesty panel, legs (2) & metal support frame) - Noce",
    "CD-M7275-1-MI": "Potenza Freestanding Executive desk (Modesty panel, legs (2) & metal support frame) - Miele",
    "CD-M7275-2-MI": "Potenza Freestanding Executive Return - Miele",
    "CD-M7275-3-MI": "Potenza Freestanding Executive Lateral file cabinet - Miele",
    "CD-M7275-3-G": "Potenza Freestanding Executive Lateral file cabinet - Grigio",
    "CD-M7275-2-G": "Potenza Freestanding Executive Return - Grigio",
    "CD-M7275-1-G": "Potenza Freestanding Executive desk (Modesty panel, legs (2) & metal support frame) - Grigio",
    "CD-M7275-3-E": "Potenza Freestanding Executive Lateral file cabinet - Espresso",
    "CD-M7275-2-E": "Potenza Freestanding Executive Return - Espresso",
    "CD-M7275-1-E": "Potenza Freestanding Executive desk(Modesty panel, legs(2), metal support frame) - Espresso",
    "CD-VE66-2PS-1-STK": "Electrical kit - 66\" Wide tops **stock** \n- BE41917-3-A-1-BB-STK - Duplex Circuit-1 (4) \n- BE41920-3-39-STK - Female/Female Jumper, 39\"  (2) \n- BE41920-3-18-STK - Female/Female Jumper, 18\" (2) \n- BE41955-STK - Spring Clip Mounting Bracket w/Screws (4)",
    "CD-VE60-2PS-1-STK": "Electrical kit - 60\" Wide tops **stock** \n- BE41917-3-A-1-BB-STK - Duplex Circuit-1 (4) \n- BE41920-3-33-STK - Female/Female Jumper, 33\"  (2) \n- BE41920-3-18-STK - Female/Female Jumper, 18\" (2) \n- BE41955-STK - Spring Clip Mounting Bracket w/Screws (4)",
    "CD-VE48-2PS-1-STK": "Electrical kit - 48\" Wide tops **stock** \n- BE41917-3-A-1-BB-STK - Duplex Circuit-1  (4) \n- BE41920-3-21-STK - Female/Female Jumper, 21\" (4) \n- BE41955-STK - Spring Clip Mounting Bracket w/Screws (4)",
    "BE41922-3-72-STK": "Power entry 72\" hard wire **stock**",
    "CD-VE66-1PS-1-STK": "Electrical kit - 66\" Wide tops **stock** \n- BE41917-3-A-1-8B-STK - Duplex Circuit-1   (2) \n- BE41920-3-39-STK - Female/Female Jumper, 39\"  (1) \n- BE41920-3-18-STK - Female/Female Jumper, 18\" (1) \n- BE41955-STK - Spring Clip Mounting Bracket w/Screws (2)",
    "CD-VE60-1PS-1-STK": "Electrical kit - 60\" Wide tops **stock** \n- BE41917-3-A-1-8B-STK - Duplex Circuit-1  (2) \n- BE41920-3-33-STK - Female/Female Jumper, 33\"  (1) \n- BE41920-3-18-STK - Female/Female Jumper, 18\" (1) \n- BE41955-STK - Spring Clip Mounting Bracket w/Screws (2)",
    "CD-VE48-1PS-1-STK": "Electrical kit - 48\" Wide tops **stock** \n- BE41917-3-A-1-8B-STK - Duplex Circuit-1    (2) \n- BE41920-3-21-STK - Female/Female Jumper, 21\" (2) \n- BE41955-STK - Spring Clip Mounting Bracket w/Screws (2)",
    "CD-P7236RD-GT-PW": "White glass floated transactional top for Reception Desk (pure white)",
    "CD-P7236-GM-WF-PW": "White glass modesty panel (pure white)",
    "CD-P7236BED-2": "Post for bullet end desk with white frosted modesty panel",
    "CD-P6630-GM-WF-PW": "White glass modesty panel (pure white)",
    "CD-P422016CT-GT-PW": "Glass top for Deluxe Coffee table (pure white)",
    "CD-P242020ET-GT-PW": "Glass top for Deluxe End table (pure white)",
    "CD-M7875-GT-PW": "White glass top for Potenza executive desk (pure white)",
    "TKB-2338-SD": "Tackboard for 72\" freestanding hutch, fabric #800 sand",
    "TKB-2339-GR": "Tackboard for 72\" freestanding hutch, fabric #2339 green",
    "TKB-2338-BL": "Tackboard for 72\" freestanding hutch, fabric #2338 blue",
    "TKB-2315-GY": "Tackboard for 72\" freestanding hutch, fabric #2315 grey",
    "TKB-2312-RD": "Tackboard for 72\" freestanding hutch, fabric #2312 red",
    "MBF-2340-SD": "Mobile pedestal fabric cover, fabric #800 sand",
    "MBF-2339-GR": "Mobile pedestal fabric cover, fabric #2339 green",
    "MBF-2338-BL": "Mobile pedestal fabric cover, fabric #2338 blue",
    "MBF-2315-GY": "Mobile pedestal fabric cover, fabric #2315 grey",
    "MBF-2312-RD": "Mobile pedestal fabric cover, fabric #2312 red",
    "CD-2406AWM": "Deluxe aluminum Wire management for Conference table",
    "CD-SC-B": "Black soft rubber caster (set of 5)",
    "CD-PS4-RD": "Interchangeable seat pocket for Mente, red fabric #SM-2312 (RD)",
    "CD-PS4-GY": "Interchangeable seat pocket for Mente, grey fabric #SM-2315 (GY)",
    "CD-PS4-GR": "Interchangeable seat pocket for Mente, green fabric #SM-2339 (GR)",
    "CD-PS4-BL": "Interchangeable seat pocket for Mente, blue fabric #SM-2338 (BL)",
    "CD-PS3-SD": "Interchangeable seat pocket for Zuri, sand fabric #SM-800 (SA)",
    "CD-PS3-RD": "Interchangeable seat pocket for Zuri, red fabric #SM-2312 (RD)",
    "CD-PS3-GY": "Interchangeable seat pocket for Zuri, grey fabric #SM-2315 (GY)",
    "CD-PS3-GR": "Interchangeable seat pocket for Zuri chairs, green fabric #SM-2339 (GR)",
    "CD-PS3-BL": "Interchangeable seat pocket for Zuri, blue fabric #SM-2338 (BL)",
    "CD-PS2-SD": "Interchangeable seat pocket for Concepto, sand fabric #SM-800 (SA)",
    "CD-PS2-RD": "Interchangeable seat pocket for Concepto, red fabric #SM-2312 (RD)",
    "CD-PS2-GY": "Interchangeable seat pocket for Concepto, grey fabric #SM-2315 (GY)",
    "CD-PS2-GR": "Interchangeable seat pocket for Concepto, green fabric #SM-2339 (GR)",
    "CD-PS2-BL": "Interchangeable seat pocket for Concepto, blue fabric #SM-2338 (BL)",
    "CD-PS1-SD": "Interchangeable seat pocket for Concetto and Moderno, sand fabric #SM-800 (SA)",
    "CD-PS1-RD": "Interchangeable seat pocket for Concetto and Moderno, red fabric #SM-2312 (RD)",
    "CD-PS1-GY": "Interchangeable seat pocket for Concetto and Moderno, grey fabric #SM-2315 (GY)",
    "CD-PS1-GR": "Interchangeable seat pocket for Concetto and Moderno, green fabric #SM-2339 (GR)",
    "CD-PS1-BL": "Interchangeable seat pocket for Concetto and Moderno, blue fabric #SM-2338 (BL)",
    "CD-611B": "Concetto Ergonomic task chair, mesh back, black fabric seat, adjustable arms, black nylon base",
    "CD-5B-H": "Headrest for Argento chair",
    "CD-5B": "Argento Serie - Ergonomic Executive task chair,  black mesh back, tungsten base, black bonded leather seat",
    "CD-411B": "Moderno Compito Ergonomic task chair, mesh back, black fabric seat, adjustable arms, black nylon base",
    "CD-411A": "Moderno Classico Ergonomic Executive chair, mesh back, black fabric seat, aluminum loop arms, cast aluminum base",
    "CD-309MW (2)": "Zetti Mid back executive white bonded leather chair, chrome base (2 per carton)",
    "CD-309MS (2)": "Zetti Mid back executive sand bonded leather chair, chrome base (2 per carton)",
    "CD-309MG (2)": "Zetti Mid back executive grey bonded leather chair, chrome base (2 per carton)",
    "CD-309MB (2)": "Zetti Mid back executive black bonded leather chair, chrome base (2 per carton)",
    "CD-309HW (2)": "Zetti High back executive white bonded leather chair, chrome base (2 per carton)",
    "CD-309HS (2)": "Zetti High back executive sand bonded leather chair, chrome base (2 per carton)",
    "CD-309HG (2)": "Zetti High back executive grey bonded leather chair, chrome base (2 per carton)",
    "CD-309HB (2)": "Zetti High back executive black bonded leather chair, chrome base (2 per carton)",
    "CD-307HW (2)": "Livello High back executive white bonded leather chair, chrome frame and base (2 per carton)",
    "CD-307HS (2)": "Livello High back executive sand bonded leather chair, chrome frame and base (2 per carton)",
    "CD-307HG (2)": "Livello High back executive grey bonded leather chair, chrome frame and base (2 per carton)",
    "CD-307HB (2)": "Livello High back executive black bonded leather chair, chrome frame and base (2 per carton)",
    "CD-307AP(W)": "Arm pad for Livello white",
    "CD-307AP(S)": "Arm pad for Livello sand",
    "CD-307AP(G)": "Arm pad for Livello grey",
    "CD-307AP(B)": "Arm pad for Livello black",
    "CD-25B": "Vedere task chair, black mesh back",
    "CD-21B (2)": "Mente Nesting training chair, light grey frame, black fabric seat and black mesh back (2 per carton)",
    "CD-2103MS": "Alto Mid back executive sand bonded leather chair, chrome base, fixed arms",
    "CD-2103HS": "Alto High back executive sand bonded leather chair, chrome base, adjustable arms",
    "CD-2103HB": "Alto High back executive black bonded leather chair, chrome base, adjustable arms",
    "CD-1B": "Forte Ergonomic Multi-function chair",
    "CD-128B": "Arte High back Executive chair, black nylon base, black bonded leather",
    "CD-PIAZZA2W": "Piazza Love seat white bonded leather",
    "CD-PIAZZA2S": "Piazza Love seat sand bonded leather",
    "CD-PIAZZA2G": "Piazza Love seat grey bonded leather",
    "CD-PIAZZA2B": "Piazza Love seat black bonded leather",
    "CD-PIAZZA1W": "Piazza Lounge white bonded leather chair",
    "CD-PIAZZA1S": "Piazza Lounge sand bonded leather chair",
    "CD-PIAZZA1G": "Piazza Lounge grey bonded leather chair",
    "CD-PIAZZA1B": "Piazza Lounge black bonded leather chair",
    "CD-88B (2)": "Concepto Visitor black mesh chair black sled base, black PU arms (2 per carton)",
    "CD-790GT3 (4)": "Zuri Visitor black mesh chair tungsten frame black nylon arms, SM2327 fabric seat, M5 black mesh",
    "CD-790GB3 (4)": "Zuri Visitor black mesh chair black frame black nylon arms (4 per carton), SM2327 fabric seat, M5 black mesh",
    "CD-309GW (2)": "Zetti Visitor white bonded leather chair, chrome base (2 per carton)",
    "CD-309GS (2)": "Zetti Visitor sand bonded leather chair, chrome base (2 per carton)",
    "CD-309GG (2)": "Zetti Visitor grey bonded leather chair, chrome base (2 per carton)",
    "CD-309GB (2)": "Zetti Visitor black bonded leather chair, chrome base (2 per carton)",
    "CD-307GW (2)": "Livello Visitor white bonded leather chair, chrome base (2 per carton)",
    "CD-307GS (2)": "Livello Visitor sand bonded leather chair, chrome base (2 per carton)",
    "CD-307GG (2)": "Livello Visitor grey bonded leather chair, chrome base (2 per carton)",
    "CD-307GB (2)": "Livello Visitor black bonded leather chair, chrome base (2 per carton)",
    "BE41955": "Spring Clip Mounting Bracket w/Screws",
    "BE41922-3-72": "Power entry 72\" hard wire",
    "BE41920-3-39": "Female/Female Jumper, 39'",
    "BE41920-3-33": "Female/Female Jumper, 33'",
    "BE41920-3-21": "Female/Female Jumper, 21'",
    "BE41920-3-18": "Female/Female Jumper, 18'",
    "BE41917-3-A-X-8B": "Duplex Receptacle Block BE41917-3-A-X-XX",
    "CD-VWM66-A": "Veloce Wire Management 9'Dx66'W, with access doors and mounting divider clips\\n",
    "CD-VWM60-A": "Veloce Wire Management 9'Dx60'W, with access doors and mounting divider clips\\n",
    "CD-VWM48-A": "Veloce Wire Management 9'Dx48'W, with access doors and mounting divider clips",
    "CD-VSC-LS-B": "Cushion for both low cabinet and storage-black \\n",
    "CD-VS36-G (10)": "Veloce Short C Leg 36'D (10 per carton)",
    "CD-VS30-G (10)": "Veloce Short C Leg 30'D (10 per carton)",
    "CD-VS24-G (10)": "Veloce Short C Leg 24'D (10 per carton)",
    "CD-VLS36-N": "Open Storage/bookcase 22\u201dHx36'W-Noce",
    "CD-VLS36-MI": "Open Storage/bookcase 22\u201dHx36'W-Miele",
    "CD-VLS36-G": "Open Storage/bookcase 22\u201dHx36'W-Grigio",
    "CD-VLS36-B": "Open Storage/bookcase 22\u201dHx36'W-Blanco",
    "CD-VLM58-N (4)": "Laminate modesty panel and hardware 58'-Noce",
    "CD-VLM58-MI (4)": "Laminate modesty panel and hardware 58'-Miele",
    "CD-VLM58-G (4)": "Laminate modesty panel and hardware 58'-Grigio",
    "CD-VLM58-B (4)": "Laminate modesty panel and hardware 58'-Blanco",
    "CD-VLM48-N (4)": "Laminate modesty panel and hardware 48'-Noce",
    "CD-VLM48-MI (4)": "Laminate modesty panel and hardware 48'-Miele",
    "CD-VLM48-G (4)": "Laminate modesty panel and hardware 48'-Grigio",
    "CD-VLM48-B (4)": "Laminate modesty panel and hardware 48'-Blanco",
    "CD-VLM40-N (4)": "Laminate modesty panel and hardware 40'-Noce",
    "CD-VLM40-MI (4)": "Laminate modesty panel and hardware 40'-Miele",
    "CD-VLM40-G (4)": "Laminate modesty panel and hardware 40'-Grigio",
    "CD-VLM40-B (4)": "Laminate modesty panel and hardware 40'-Blanco",
    "CD-VLF36-2-N": "Lateral file with box cabinet at the top 22\u201dH x 36'W-Noce",
    "CD-VLF36-2-MI": "Lateral file with box cabinet at the top 22\u201dH x 36'W-Miele",
    "CD-VLF36-2-G": "Base for Lateral file - grey finish",
    "CD-VLF36-2-B": "Lateral file with box cabinet at the top 22\u201dH x 36'W-Blanco",
    "CD-VLF36-1-N": "Lateral file with box cabinet at the top 22\u201dH x 36'W-Noce",
    "CD-VLF36-1-MI": "Lateral file with box cabinet at the top 22\u201dH x 36'W-Miele",
    "CD-VLF36-1-B": "Lateral file with box cabinet at the top 22\u201dH x 36'W-Blanco",
    "CD-VCT-G (4)": "Veloce Floor Wire Management (4 per carton)",
    "CD-VBR60-72-G (10)": "Veloce Return Support Beam 60'L-72'L (10 per carton)",
    "CD-VBR36-48-G (10)": "Veloce Return Support Beam 36'L-48'L (10 per carton)",
    "CD-VBBFMB-G-B": "Grey Veloce Mobile Pedestal Box/Box/File W/Black Cushion\\n",
    "CD-VB48-72-G (10)": "Veloce Main Support Beam 48'L-72'L (10 per carton)",
    "CD-VAM58 (10)": "Acrylic modesty panel and hardware 58\"",
    "CD-VAM48 (10)": "Acrylic modesty panel and hardware 48'",
    "CD-VAM40 (10)": "Acrylic modesty panel and hardware 40\"",
    "CD-VAD60 (10)": "Acrylic dividers 60' **Mounting brackets sold separately unless ordering the wire management CD-VWMxx-A**",
    "CD-VAD54 (10)": "Acrylic dividers 54' **Mounting brackets sold separately unless ordering the wire management CD-VWMxx-A**",
    "CD-VAD42 (10)": "Acrylic dividers 42' **Mounting brackets sold separately unless ordering the wire management CD-VWMxx-A**",
    "CD-V60-G (2)": "Veloce O Leg 69'D/For 30'D Surfaces (2 per carton)",
    "CD-V48-G (2)": "Veloce O Leg 57'D/For 48'D Surfaces (2 per carton)",
    "CD-V36-G (2)": "Veloce O Leg 36'D (2 per carton)",
    "CD-V30-G (2)": "Veloce O Leg 30'D (2 per carton)",
    "CD-V24-G (2)": "Veloce O Leg 24'D (2 per carton)",
    "CD-RS3672-N (2)": "36' x 72' Universal rectangular worksurface  - Noce (work with Veloce benching system, Altezza height adjustable and Attivo training table) (2 per carton)\\n",
    "CD-RS3672-MI (2)": "36' x 72' Universal rectangular worksurface  - Miele (work with Veloce benching system, Altezza height adjustable and Attivo training table) (2 per carton)",
    "CD-RS3672-G (2)": "36' x 72' Universal rectangular worksurface  - Grigio (work with Veloce benching system, Altezza height adjustable and Attivo training table) (2 per carton)",
    "CD-RS3672-B (2)": "36' x 72' Universal rectangular worksurface  - Blanco (work with Veloce benching system, Altezza height adjustable and Attivo training table) (2 per carton)",
    "CD-RS3072-N (2)": "30' x 72' Universal rectangular worksurface - noce (work with Veloce benching system, Altezza height adjustable and Attivo training table) (2 per carton)",
    "CD-RS3072-MI (2)": "30' x 72' Universal rectangular worksurface - miele (work with Veloce benching system, Altezza height adjustable and Attivo training table) (2 per carton)",
    "CD-RS3072-G (2)": "30' x 72' Universal rectangular worksurface - grey (work with Veloce benching system, Altezza height adjustable and Attivo training table) (2 per carton)",
    "CD-RS3072-B (2)": "30' x 72' Universal rectangular worksurface - blanco (work with Veloce benching system, Altezza height adjustable and Attivo training table) (2 per carton)",
    "CD-RS3066-N (2)": "30' x 66' Universal rectangular worksurface - noce (work with Veloce benching system, Altezza height adjustable and Attivo training table) (2 per carton)",
    "CD-RS3066-MI (2)": "30' x 66' Universal rectangular worksurface - miele (work with Veloce benching system, Altezza height adjustable and Attivo training table) (2 per carton)",
    "CD-RS3066-G (2)": "30' x 66' Universal rectangular worksurface - grey (work with Veloce benching system, Altezza height adjustable and Attivo training table) (2 per carton)",
    "CD-RS3066-B (2)": "30' x 66' Universal rectangular worksurface - blanco (work with Veloce benching system, Altezza height adjustable and Attivo training table) (2 per carton)",
    "CD-RS3060-N (2)": "30' x 60' Universal rectangular worksurface - noce (work with Veloce benching system, Altezza height adjustable and Attivo training table) (2 per carton)",
    "CD-RS3060-MI (2)": "30' x 60' Universal rectangular worksurface - miele (work with Veloce benching system, Altezza height adjustable and Attivo training table) (2 per carton)",
    "CD-RS3060-G (2)": "30' x 60' Universal rectangular worksurface - grey (work with Veloce benching system, Altezza height adjustable and Attivo training table) (2 per carton)",
    "CD-RS3060-B (2)": "30' x 60' Universal rectangular worksurface - blanco (work with Veloce benching system, Altezza height adjustable and Attivo training table) (2 per carton)",
    "CD-RS2472-N (2)": "24' x 72' Universal rectangular worksurface - noce (work with Veloce benching system, Altezza height adjustable and Attivo training table) (2 per carton)",
    "CD-RS2472-MI (2)": "24' x 72' Universal rectangular worksurface - miele (work with Veloce benching system, Altezza height adjustable and Attivo training table) (2 per carton)",
    "CD-RS2472-G (2)": "24' x 72' Universal rectangular worksurface - grey (work with Veloce benching system, Altezza height adjustable and Attivo training table) (2 per carton)",
    "CD-RS2472-B (2)": "24' x 72' Universal rectangular worksurface - blanco (work with Veloce benching system, Altezza height adjustable and Attivo training table) (2 per carton)",
    "CD-RS2466-N (2)": "24' x 66' Universal rectangular worksurface - noce (work with Veloce benching system, Altezza height adjustable and Attivo training table) (2 per carton)",
    "CD-RS2466-MI (2)": "24' x 66' Universal rectangular worksurface - miele (work with Veloce benching system, Altezza height adjustable and Attivo training table) (2 per carton)",
    "CD-RS2466-G (2)": "24' x 66' Universal rectangular worksurface - grey (work with Veloce benching system, Altezza height adjustable and Attivo training table) (2 per carton)",
    "CD-RS2466-B (2)": "24' x 66' Universal rectangular worksurface - blanco (work with Veloce benching system, Altezza height adjustable and Attivo training table) (2 per carton)",
    "CD-RS2460-N (2)": "24' x 60' Universal rectangular worksurface - noce (work with Veloce benching system, Altezza height adjustable and Attivo training table) (2 per carton)",
    "CD-RS2460-MI (2)": "24' x 60' Universal rectangular worksurface - miele (work with Veloce benching system, Altezza height adjustable and Attivo training table) (2 per carton)",
    "CD-RS2460-G (2)": "24' x 60' Universal rectangular worksurface - grey (work with Veloce benching system, Altezza height adjustable and Attivo training table) (2 per carton)",
    "CD-RS2460-B (2)": "24' x 60' Universal rectangular worksurface - blanco (work with Veloce benching system, Altezza height adjustable and Attivo training table) (2 per carton)",
    "CD-RS2448-N (2)": "24' x 48' Universal rectangular worksurface - noce (work with Veloce benching system, Altezza height adjustable and Attivo training table) (2 per carton)",
    "CD-RS2448-MI (2)": "24' x 48' Universal rectangular worksurface - miele (work with Veloce benching system, Altezza height adjustable and Attivo training table) (2 per carton)",
    "CD-RS2448-G (2)": "24' x 48' Universal rectangular worksurface - grey (work with Veloce benching system, Altezza height adjustable and Attivo training table) (2 per carton)",
    "CD-RS2448-B (2)": "24' x 48' Universal rectangular worksurface - blanco (work with Veloce benching system, Altezza height adjustable and Attivo training table) (2 per carton)",
    "CD-RS2442-N (2)": "24' x 42' Universal rectangular worksurface - Noce (work with Veloce benching system, Altezza height adjustable and Attivo training table) (2 per carton)",
    "CD-RS2442-MI (2)": "24' x 42' Universal rectangular worksurface - MIele (work with Veloce benching system, Altezza height adjustable and Attivo training table) (2 per carton)\\n",
    "CD-RS2442-G (2)": "24' x 42' Universal rectangular worksurface - Grigio(work with Veloce benching system, Altezza height adjustable and Attivo training table) (2 per carton)",
    "CD-RS2442-B (2)": "24' x 42' Universal rectangular worksurface - Blanco (work with Veloce benching system, Altezza height adjustable and Attivo training table) (2 per carton)",
    "CD-NTTF-LG": "Attivo Training / Nesting table frame",
    "CD-SET2424C-T": "Glass top",
    "CD-SCT2442C-T": "Glass top",
    "CD-SET2424C-F": "Sereno End Table Chrome frame",
    "CD-SCT2442C-F": "Chrome frame",
    "CD-PRTBASE-N": "Base for round conference table, Noce laminate",
    "CD-P72OWMH-N-PW": "Deluxe 72'' Open wall mounted hutch, Noce laminate (pure white glass)",
    "CD-P72OH-2-N-PW": "Deluxe 72' open hutch (2/2)  (pure white glass)",
    "CD-P72OH-1-N-PW": "Deluxe 72' open hutch (1/2)  (pure white glass) Noce, black tackboard SM-2327(B) included",
    "CD-P72HLD-N": "Laminate doors for 72' open hutch Noce",
    "CD-P7236RD-N": "Inside curved Reception desk shell, Noce laminate",
    "CD-P7236RD-LT-N": "Bow front Noce laminate floated transactional top",
    "CD-P7236-N": "Bow front desk shell, Noce laminate",
    "CD-P7236-LM-N-MP": "Curved laminate modesty panel, Noce",
    "CD-P7236BED-1-N-PW": "Bullet end desk with white modesty panel (1/2), Noce",
    "CD-P7224C-N": "72' Credenza shell, Noce laminate",
    "CD-P66OH-2-N-PW": "Deluxe 66' open hutch (2/2)  (pure white glass)",
    "CD-P66OH-1-N-PW": "Deluxe 66' open hutch (1/2)  (pure white glass) Noce, black tackboard SM-2327(B) included",
    "CD-P66HLD-N": "Laminate doors for 66' open hutch Noce",
    "CD-P6630-N": "Rectangular desk shell, Noce laminate",
    "CD-P6630-LM-N-MP": "Curved laminate modesty panel, Noce",
    "CD-P6624C-N": "66' Credenza shell, Noce laminate",
    "CD-P60CRDE-2-N-NG": "Curved Reception desk Extension with glass transactional counter top (pure white) (2/2) Noce",
    "CD-P60CRDE-1-N": "Curved Reception desk Extension with glass transactional counter top (pure white) (1/2) Noce",
    "CD-P60CRD-2-N-NG": "Curved Reception desk with glass transactional counter top (pure white) (2/2) Noce",
    "CD-P60CRD-1-N": "Curved Reception desk with glass transactional counter top (pure white) (1/2) Noce",
    "CD-P6030-RDS-N": "60' x 30' Rectangular desk shell, Noce laminate",
    "CD-P48RT-T-N": "Table top for 48' round conference table, Noce laminate",
    "CD-P48CB-N": "48' curved bridge, Noce laminate",
    "CD-P48ARR-N": "48' angled right return, Noce laminate",
    "CD-P48ALR-N": "48' angled left return, Noce laminate",
    "CD-P4824-RDS-N": "48' x 24' Rectangular desk shell, Noce laminate",
    "CD-P42RT-T-N": "Table top for 42' round conference table, Noce laminate",
    "CD-P42RRT-N": "Reception 42' angled right return, Noce laminate",
    "CD-P42LRT-N": "Reception 42' angled left return, Noce laminate",
    "CD-P42CB-N": "42' curved bridge, Noce laminate",
    "CD-P42ARR-N": "42' angled right return, Noce laminate",
    "CD-P42ALR-N": "42' angled left return, Noce laminate",
    "CD-P422016CT-LT-N": "Laminate top for Deluxe Coffee table Noce laminate",
    "CD-P422016CT-B-N": "Base for Deluxe Coffee table Noce laminate",
    "CD-P36RT-T-N": "Table top for 36' round conference table, Noce laminate",
    "CD-P361471BC-2-N-PW": "Glass top (2/2) (pure white)",
    "CD-P361471BC-1-N-PW": "Bookcase (1/2)",
    "CD-P3422T-N-PW": "Glass floated top for 2 drawer lateral file & 2 door storage (pure white) Noce",
    "CD-P3422S-B-N": "2 door storage cabinet w/o top, Noce laminate 34'W (body)",
    "CD-P3422-LT-N": "Laminate top for 2 drawer lateral file or 2 door storage Noce laminate",
    "CD-P3422-LD-1-N": "Set of Laminate doors for 2 door storage Noce laminate",
    "CD-P3422L-1-N": "2 drawer lateral file cabinet w/o top, Noce laminate 34'W",
    "CD-P341441BC-N-PW": "34' W Low bookcase with glass floated top Noce laminate (pure white)",
    "CD-P242020ET-LT-N": "Laminate top for Deluxe End table Noce laminate",
    "CD-P242020ET-B-N": "Base for Deluxe End table Noce laminate",
    "CD-P22FF-N": "Deluxe file/file pedestal Noce laminate",
    "CD-P22BF-N": "Deluxe Hanging Box/File Pedestal Noce laminate",
    "CD-P22BBF-N": "Deluxe box/box/file pedestal Noce laminate",
    "CD-P20MBF-N": "Deluxe mobile box/file pedestal Noce laminate, black fabric SM-2327 (B) included",
    "CD-M7875-LT-N": "Laminate top for Potenza executive desk - Noce",
    "CD-9542CT-N": "Deluxe 8' Conference table Noce laminate",
    "CD-4848CTE-N": "4' Extension for Conference table, Noce laminate - IMPORTANT: Due to natural wood grain design and direction, there might be some misalignment between the conference table tops and this insert",
    "CD-13848CT-2-N": "3 legs and hardware for conference table 120\" & 138\" Noce Compatible with laminate top",
    "CD-13848CT-1-N": "Deluxe 12' Conference table Noce laminate (1/2)",
    "CD-12048CT-2-N": "3 legs and hardware for conference table 120\" & 138\" - Noce  Compatible with laminate top",
    "CD-12048CT-1-N": "Deluxe 10' Conference table Noce laminate (1/2)",
    "CD-PRTBASE-MI": "Base for round conference table, Miele laminate",
    "CD-P72OWMH-MI-PW": "Deluxe 72'' Open wall mounted hutch,  Miele laminate (pure white glass)",
    "CD-P72OH-2-MI-PW": "Deluxe 72' open hutch (2/2)  (pure white glass)",
    "CD-P72OH-1-MI-PW": "Deluxe 72' open hutch (1/2)  (pure white glass) Miele, black tackboard SM-2327(B) included",
    "CD-P72HLD-MI": "Laminate doors for 72' open hutch Miele",
    "CD-P7236RD-MI": "Inside curved Reception desk shell, Miele laminate",
    "CD-P7236RD-LT-MI": "Bow front Miele laminate floated transactional top",
    "CD-P7236-MI": "Bow front desk shell, Miele laminate",
    "CD-P7236-LM-MI-MP": "Curved laminate modesty panel, Miele",
    "CD-P7236BED-1-MI-PW": "Bullet end desk with white modesty panel (1/2), Miele",
    "CD-P7224C-MI": "72' Credenza shell, Miele laminate",
    "CD-P66OH-2-MI-PW": "Deluxe 66' open hutch (2/2)  (pure white glass)",
    "CD-P66OH-1-MI-PW": "Deluxe 66' open hutch (1/2)  (pure white glass) Miele, black tackboard SM-2327(B) included",
    "CD-P66HLD-MI": "Laminate doors for 66' open hutch Miele",
    "CD-P6630-MI": "Rectangular desk shell, Miele laminate",
    "CD-P6630-LM-MI-MP": "Curved laminate modesty panel, Miele",
    "CD-P6624C-MI": "66' Credenza shell, Miele laminate",
    "CD-P60CRDE-2-MI-NG": "Curved Reception desk Extension with glass transactional counter top (pure white) (2/2) Miele",
    "CD-P60CRDE-1-MI": "Curved Reception desk Extension with glass transactional counter top (pure white) (1/2) Miele",
    "CD-P60CRD-2-MI-NG": "Curved Reception desk with glass transactional counter top (pure white) (2/2) Miele",
    "CD-P60CRD-1-MI": "Curved Reception desk with glass transactional counter top (pure white) (1/2) Miele",
    "CD-P6030-RDS-MI": "60' x 30' Rectangular desk shell, Miele laminate",
    "CD-P48RT-T-MI": "Table top for 48' round conference table, Miele laminate",
    "CD-P48CB-MI": "48' curved bridge, Miele laminate",
    "CD-P48ARR-MI": "48' angled right return, Miele laminate",
    "CD-P48ALR-MI": "48' angled left return, Miele laminate",
    "CD-P4824-RDS-MI": "48' x 24' Rectangular desk shell, Miele laminate",
    "CD-P42RT-T-MI": "Table top for 42' round conference table, Miele laminate",
    "CD-P42RRT-MI": "Reception 42' angled right return, Miele laminate",
    "CD-P42LRT-MI": "Reception 42' angled left return, Miele laminate",
    "CD-P42CB-MI": "42' curved bridge, Miele laminate",
    "CD-P42ARR-MI": "42' angled right return, Miele laminate",
    "CD-P42ALR-MI": "42' angled left return, Miele laminate",
    "CD-P422016CT-LT-MI": "Laminate top for Deluxe Coffee table Miele  laminate",
    "CD-P422016CT-B-MI": "Base for Deluxe Coffee table Miele laminate",
    "CD-P36RT-T-MI": "Table top for 36' round conference table, Miele laminate",
    "CD-P361471BC-2-MI-PW": "Glass top (2/2) (pure white)",
    "CD-P361471BC-1-MI-PW": "Bookcase (1/2)",
    "CD-P3422T-MI-PW": "Glass floated top for 2 drawer lateral file & 2 door storage (pure white) Miele",
    "CD-P3422S-B-MI": "2 door storage cabinet w/o top, MIele laminate 34'W (body)",
    "CD-P3422-LT-MI": "Laminate top for 2 drawer lateral file or 2 door storage Miele laminate",
    "CD-P3422-LD-1-MI": "Set of Laminate doors for 2 door storage Miele laminate",
    "CD-P3422L-1-MI": "2 drawer lateral file cabinet w/o top, Miele laminate 34'W",
    "CD-P341441BC-MI-PW": "34' W Low bookcase with glass floated top Miele laminate (pure white)",
    "CD-P242020ET-LT-MI": "Laminate top for Deluxe End table Miele laminate",
    "CD-P242020ET-B-MI": "Base for Deluxe End table Miele laminate",
    "CD-P22FF-MI": "Deluxe file/file pedestal Miele laminate",
    "CD-P22BF-MI": "Deluxe hanging box/file pedestal Miele laminate",
    "CD-P22BBF-MI": "Deluxe box/box/file pedestal Miele laminate",
    "CD-P20MBF-MI": "Deluxe mobile box/file pedestal Miele laminate, black fabric SM-2327 (B) included",
    "CD-M7875-LT-MI": "Laminate top for Potenza executive desk - Miele",
    "CD-9542CT-MI": "Deluxe 8' Conference table Miele laminate",
    "CD-4848CTE-MI": "4' Extension for Conference table, Miele laminate IMPORTANT: Due to natural wood grain design and direction, there might be some misalignment between the conference table tops and this insert",
    "CD-13848CT-2-MI": "3 legs and hardware for conference table 120\" & 138\" Miele Compatible with laminate top",
    "CD-13848CT-1-MI": "Deluxe 12' Conference table Miele laminate (1/2)",
    "CD-12048CT-2-MI": "3 legs and hardware for conference table 120\" & 138\" - Miele Compatible with laminate top",
    "CD-12048CT-1-MI": "Deluxe 10' Conference table Miele laminate (1/2)",
    "CD-PRTBASE-G": "Base for round conference table, grey laminate",
    "CD-P72OWMH-G-PW": "Deluxe 72'' Open wall mounted hutch,  grey laminate (pure white glass)",
    "CD-P72OH-2-G-PW": "Deluxe 72' open hutch (2/2)  (pure white glass)",
    "CD-P72OH-1-G-PW": "Deluxe 72' open hutch (1/2)  (pure white glass) grey, black tackboard SM-2327(B) included",
    "CD-P72HLD-G": "Laminate doors for 72' open hutch grey",
    "CD-P7236RD-LT-G": "Bow front grey laminate floated transactional top",
    "CD-P7236RD-G": "Inside curved Reception desk shell, grey laminate",
    "CD-P7236-LM-G-MP": "Curved laminate modesty panel, Grigio",
    "CD-P7236-G": "Bow front desk shell, grey laminate",
    "CD-P7236BED-1-G-PW": "Bullet end desk with white modesty panel (1/2), grey",
    "CD-P7224C-G": "72' Credenza shell, grey laminate",
    "CD-P66OH-2-G-PW": "Deluxe 66' open hutch (2/2)  (pure white glass)",
    "CD-P66OH-1-G-PW": "Deluxe 66' open hutch (1/2)  (pure white glass) grey, black tackboard SM-2327(B) included",
    "CD-P66HLD-G": "Laminate doors for 66' open hutch grey",
    "CD-P6630-LM-G-MP": "Curved laminate modesty panel, Grigio",
    "CD-P6630-G": "Rectangular desk shell, Grigio laminate",
    "CD-P6624C-G": "66' Credenza shell, grey laminate",
    "CD-P60CRDE-2-G-NG": "Curved Reception desk Extension with glass transactional counter top (pure white) (2/2) grey",
    "CD-P60CRDE-1-G": "Curved Reception desk Extension with glass transactional counter top (pure white) (1/2) grey",
    "CD-P60CRD-2-G-NG": "Curved Reception desk with glass transactional counter top (pure white) (2/2) grey",
    "CD-P60CRD-1-G": "Curved Reception desk with glass transactional counter top (pure white) (1/2) grey",
    "CD-P6030-RDS-G": "60' x 30' Rectangular desk shell, grigio laminate",
    "CD-P48RT-T-G": "Table top for 48' round conference table, grey laminate",
    "CD-P48CB-G": "48' curved bridge, grey laminate",
    "CD-P48ARR-G": "48' angled right return, Grigio laminate",
    "CD-P48ALR-G": "48' angled left return, grey laminate",
    "CD-P4824-RDS-G": "48' x 24' Rectangular desk shell, grey laminate",
    "CD-P42RT-T-G": "Table top for 42' round conference table, grey laminate",
    "CD-P42RRT-G": "Reception 42' angled right return, grey laminate",
    "CD-P42LRT-G": "Reception 42' angled left return, grey laminate",
    "CD-P42CB-G": "42' curved bridge, grey laminate",
    "CD-P42ARR-G": "42' angled right return, grey laminate",
    "CD-P42ALR-G": "42' angled left return, Grigio laminate",
    "CD-P422016CT-LT-G": "Laminate top for Deluxe Coffee table grey laminate",
    "CD-P422016CT-B-G": "Base for Deluxe Coffee table grey laminate",
    "CD-P36RT-T-G": "Table top for 36' round conference table, grey laminate",
    "CD-P361471BC-2-G-PW": "Glass top (2/2) (pure white)",
    "CD-P361471BC-1-G-PW": "Bookcase (1/2)",
    "CD-P3422T-G-PW": "Glass floated top for 2 drawer lateral file & 2 door storage (pure white) Grigio",
    "CD-P3422S-B-G": "2 door storage cabinet w/o top, grey laminate 34'W (body)",
    "CD-P3422-LT-G": "Laminate top for 2 drawer lateral file or 2 door storage grey laminate",
    "CD-P3422-LD-1-G": "Set of Laminate doors for 2 door storage grey laminate",
    "CD-P3422L-1-G": "2 drawer lateral file cabinet w/o top, grey laminate 34'W",
    "CD-P341441BC-G-PW": "34' W Low bookcase with glass floated top grey laminate (pure white)",
    "CD-P242020ET-LT-G": "Laminate top for Deluxe End table grey laminate",
    "CD-P242020ET-B-G": "Base for Deluxe End table grey laminate",
    "CD-P22FF-G": "Deluxe file/file pedestal Grigio laminate",
    "CD-P22BF-G": "Deluxe hanging box/file pedestal grey laminate",
    "CD-P22BBF-G": "Deluxe box/box/file pedestal Grigio laminate",
    "CD-P20MBF-G": "Deluxe mobile box/file pedestal grey laminate, black fabric SM-2327 (B) included",
    "CD-M7875-LT-G": "Laminate top for Potenza executive desk - Grigio",
    "CD-9542CT-G": "Deluxe 8' Conference table - Grigio laminate",
    "CD-4848CTE-G": "4' Extension for Conference table, grey laminate IMPORTANT: Due to natural wood grain design and direction, there might be some misalignment between the conference table tops and this insert",
    "CD-13848CT-2-G": "3 legs and hardware for conference table 120\" & 138\" Grigio Compatible with laminate top",
    "CD-13848CT-1-G": "Deluxe 12' Conference table grey laminate (1/2)",
    "CD-12048CT-2-G": "3 legs and hardware for conference table 120\" & 138\" - Grigio  Compatible with laminate top",
    "CD-12048CT-1-G": "Deluxe 10' Conference table grigio laminate (1/2)",
    "CD-PRTBASE-E": "Base for round conference table, espresso laminate",
    "CD-P72OWMH-E-PW": "Deluxe 72'' Open wall mounted hutch,  espresso laminate (pure white glass)",
    "CD-P72OH-2-E-PW": "Deluxe 72' open hutch (2/2)  (pure white glass)",
    "CD-P72OH-1-E-PW": "Deluxe 72' open hutch (1/2)  (pure white glass) espresso, black tackboard SM-2327(B) included",
    "CD-P72HLD-E": "Laminate doors for 72' open hutch espresso",
    "CD-P7236RD-LT-E": "Bow front laminate floated transactional top",
    "CD-P7236RD-E": "Inside curved Reception desk shell, espresso laminate",
    "CD-P7236-LM-E-MP": "Curved laminate modesty panel, Espresso",
    "CD-P7236-E": "Bow front desk shell, espresso laminate",
    "CD-P7236BED-1-E-PW": "Bullet end desk with white modesty panel (1/2)",
    "CD-P7224C-E": "72' Credenza shell, espresso laminate",
    "CD-P66OH-2-E-PW": "Deluxe 66' open hutch (2/2)  (pure white glass)",
    "CD-P66OH-1-E-PW": "Deluxe 66' open hutch (1/2)  (pure white glass) espresso, black tackboard SM-2327(B) included",
    "CD-P66HLD-E": "Laminate doors for 66' open hutch espresso",
    "CD-P6630-LM-E-MP": "Curved laminate modesty panel Espresso",
    "CD-P6630-E": "Rectangular desk shell, espresso laminate",
    "CD-P6624C-E": "66' Credenza shell, espresso laminate",
    "CD-P60CRDE-2-E-NG": "Curved Reception desk Extension with glass transactional counter top (pure white) (2/2)",
    "CD-P60CRDE-1-E": "Curved Reception desk Extension with glass transactional counter top (pure white) (1/2)",
    "CD-P60CRD-2-E-NG": "Curved Reception desk with glass transactional counter top (pure white) (2/2)",
    "CD-P60CRD-1-E": "Curved Reception desk with glass transactional counter top (pure white) (1/2)",
    "CD-P6030-RDS-E": "60' x 30' Rectangular desk shell, espresso laminate",
    "CD-P48RT-T-E": "Table top for 48' round conference table, espresso laminate",
    "CD-P48CB-E": "48' curved bridge, espresso laminate",
    "CD-P48ARR-E": "48' angled right return, espresso laminate",
    "CD-P48ALR-E": "48' angled left return, espresso laminate",
    "CD-P4824-RDS-E": "48' x 24' Rectangular desk shell, espresso laminate",
    "CD-P42RT-T-E": "Table top for 42' round conference table, espresso laminate",
    "CD-P42RRT-E": "Reception 42' angled right return, espresso laminate",
    "CD-P42LRT-E": "Reception 42' angled left return, espresso laminate",
    "CD-P42CB-E": "42' curved bridge, espresso laminate",
    "CD-P42ARR-E": "42' angled right return, espresso laminate",
    "CD-P42ALR-E": "42' angled left return, espresso laminate",
    "CD-P422016CT-LT-E": "Laminate top for Deluxe Coffee table espresso laminate",
    "CD-P422016CT-B-E": "Base for Deluxe Coffee table espresso laminate",
    "CD-P36RT-T-E": "Table top for 36' round conference table, espresso laminate",
    "CD-P361471BC-2-E-PW": "Glass top (2/2) (pure white)",
    "CD-P361471BC-1-E-PW": "Bookcase (1/2)",
    "CD-P3422T-E-PW": "Glass floated top for 2 drawer lateral file & 2 door storage (pure white) Espresso",
    "CD-P3422S-B-E": "2 door storage cabinet w/o top, espresso laminate 34'W (body)",
    "CD-P3422-LT-E": "Laminate top for 2 drawer lateral file or 2 door storage espresso laminate",
    "CD-P3422-LD-1-E": "Set of Laminate doors for 2 door storage espresso laminate",
    "CD-P3422L-1-E": "2 drawer lateral file cabinet w/o top, espresso laminate 34'W",
    "CD-P341441BC-E-PW": "34' W Low bookcase with glass floated top espresso laminate (pure white)",
    "CD-P242020ET-LT-E": "Laminate top for Deluxe End table espresso laminate",
    "CD-P242020ET-B-E": "Base for Deluxe End table espresso laminate",
    "CD-P22FF-E": "Deluxe file/file pedestal espresso laminate",
    "CD-P22BF-E": "Deluxe hanging box/file pedestal espresso laminate",
    "CD-P22BBF-E": "Deluxe box/box/file pedestal espresso laminate",
    "CD-P20MBF-E": "Deluxe mobile box/file pedestal espresso laminate, black fabric SM-2327 (B) included",
    "CD-M7875-LT-E": "Laminate top for Potenza executive desk - Espresso",
    "CD-9542CT-E": "Deluxe 8' Conference table espresso laminate",
    "CD-4848CTE-E": "4' Extension for Conference table, espresso laminate IMPORTANT: Due to natural wood grain design and direction, there might be some misalignment between the conference table tops and this insert",
    "CD-13848CT-2-E": "3 legs and hardware for conference table 120\" & 138\" Espresso Compatible with laminate top",
    "CD-13848CT-1-E": "Deluxe 12' Conference table espresso laminate (1/2)",
    "CD-12048CT-2-E": "3 legs and hardware for conference table 120\" & 138\" - Espresso Compatible with laminate top",
    "CD-12048CT-1-E": "Deluxe 10' Conference table espresso laminate (1/2)",
    "CD-P6630-LM-MC-MP": "Curved laminate modesty panel Moderna Cherry laminate",
    "CD-P72HLD-B": "Laminate doors for 72' open hutch blanco",
    "CD-P7236-LM-B-MP": "Curved laminate modesty panel blanco",
    "CD-P66HLD-B": "Laminate doors for 66' open hutch blanco",
    "CD-P6630-LM-B-MP": "Curved laminate modesty panel blanco",
    "CD-P3422-LT-B": "Laminate top for 2 drawer lateral file or 2 door storage blanco laminate",
    "CD-P3422-LD-1-B": "Set of Laminate doors for 2 door storage blanco laminate",
    "CD-P22FF-B": "Deluxe file/file pedestal blanco laminate",
    "CD-P22BF-B": "Deluxe hanging box/file pedestal blanco laminate",
    "CD-P22BBF-B": "Deluxe box/box/file pedestal blanco laminate",
    "CD-P20MBF-B": "Deluxe mobile box/file pedestal blanco laminate, black fabric SM-2327 (B) included"
}